[
    {
        "id": 1,
        "fname": "nesrine",
        "lname": "benromdhane",
        "city": "tunis",
        "age": 24
    },
    {
        "id": 2,
        "fname": "ahmed",
        "lname": "benromdhane",
        "city": "tunis",
        "age": 16
    },
    {
        "id": 3,
        "fname": "ahlem",
        "lname": "benromdhane",
        "city": "tunis",
        "age": 28
    },
    {
        "id": 4,
        "fname": "abir",
        "lname": "benromdhane",
        "city": "tunis",
        "age": 27
    },
    {
        "id": 5,
        "fname": "mariem",
        "lname": "benromdhane",
        "city": "tunis",
        "age": 18
    },
    {
        "id": 6,
        "fname": "nesrine",
        "lname": "benromdhane",
        "city": "tunis",
        "age": 24
    },
    {
        "id": 7,
        "fname": "ahmed",
        "lname": "benromdhane",
        "city": "tunis",
        "age": 17
    },
    {
        "id": 13,
        "fname": "mariem",
        "lname": "benromdhane",
        "city": "tunis",
        "age": 19
    },
    {
        "id": 14,
        "fname": "ahlem",
        "lname": "benromdhane",
        "city": "tunis",
        "age": 28
    },
    {
        "id": 15,
        "fname": "nesrine",
        "lname": "benromdhane",
        "city": "tunis",
        "age": 24
    },
    {
        "id": 16,
        "fname": "souaad",
        "lname": "benromdhane",
        "city": "tunis",
        "age": 24
    },
    {
        "id": 17,
        "fname": "ahlem",
        "lname": "benromdhane",
        "city": "tunis",
        "age": 24
    },
    {
        "id": 18,
        "fname": "abir",
        "lname": "benromdhane",
        "city": "tunis",
        "age": 24
    },
    {
        "id": 19,
        "fname": "nesrine",
        "lname": "benromdhane",
        "city": "tunis",
        "age": 24
    },
    {
        "id": 20,
        "fname": "ahmed",
        "lname": "benromdhane",
        "city": "tunis",
        "age": 17
    }
]